Date, Hour, temp, dwpt, rhum, prcp, snow, wdir, wspd, wpgt, pres, tsun, coco
2021-08-01,00,14.1,13.0,93,0.0,,216,9.3,14.8,1010.9,,4
2021-08-01,01,13.8,12.9,94,0.0,,212,11.1,16.7,1010.6,,4
2021-08-01,02,13.6,13.0,96,0.0,,213,11.1,16.7,1010.3,,4
2021-08-01,03,13.4,12.5,94,0.0,,215,13.0,18.5,1010.3,,4
2021-08-01,04,13.2,12.6,96,0.0,,217,13.0,18.5,1010.1,,4
2021-08-01,05,13.2,12.6,96,0.0,,219,13.0,20.4,1010.1,,4
2021-08-01,06,13.7,12.8,94,0.0,,223,14.8,22.2,1010.3,,4
2021-08-01,07,14.5,12.7,89,0.0,,228,14.8,24.1,1010.4,,4
2021-08-01,08,15.5,12.8,84,0.0,,232,16.7,25.9,1010.5,,4
2021-08-01,09,16.3,12.8,80,0.0,,236,16.7,27.8,1010.7,,4
2021-08-01,10,17.2,12.9,76,0.0,,239,16.7,27.8,1010.7,,4
2021-08-01,11,17.6,13.3,76,0.0,,239,16.7,27.8,1010.6,,4
2021-08-01,12,17.8,13.3,75,0.0,,243,14.8,27.8,1010.3,,4
2021-08-01,13,17.9,13.4,75,0.4,,244,14.8,27.8,1010.5,,18
2021-08-01,14,17.9,13.4,75,0.6,,250,14.8,27.8,1010.6,,18
2021-08-01,15,17.6,13.3,76,0.5,,256,13.0,25.9,1010.9,,17
2021-08-01,16,17.5,13.2,76,0.4,,257,13.0,24.1,1011.1,,18
2021-08-01,17,17.2,13.3,78,0.3,,259,11.1,24.1,1011.4,,18
2021-08-01,18,16.8,13.3,80,0.3,,261,11.1,22.2,1011.7,,18
2021-08-01,19,16.0,13.3,84,0.4,,258,9.3,18.5,1012.2,,17
2021-08-01,20,15.5,13.2,86,0.3,,260,7.4,16.7,1012.6,,17
2021-08-01,21,14.8,13.2,90,0.2,,251,7.4,14.8,1013.0,,17
2021-08-01,22,14.0,13.4,96,0.0,,244,7.4,14.8,1013.3,,4
2021-08-01,23,13.8,13.2,96,0.0,,248,7.4,13.0,1013.2,,4
2021-08-02,00,13.4,12.9,97,0.0,,240,7.4,13.0,1013.2,,4
2021-08-02,01,13.2,12.7,97,0.0,,232,7.4,13.0,1013.2,,4
2021-08-02,02,12.9,12.4,97,0.0,,227,7.4,13.0,1013.4,,4
2021-08-02,03,12.7,12.2,97,0.0,,224,7.4,13.0,1013.5,,4
2021-08-02,04,12.4,12.2,99,0.0,,235,7.4,13.0,1013.4,,4
2021-08-02,05,12.6,12.4,99,0.0,,229,7.4,13.0,1013.7,,4
2021-08-02,06,13.2,12.7,97,0.0,,231,7.4,13.0,1014.1,,4
2021-08-02,07,13.7,12.9,95,0.0,,239,7.4,14.8,1014.4,,4
2021-08-02,08,14.6,13.0,90,0.0,,246,7.4,14.8,1014.6,,4
2021-08-02,09,15.2,13.0,87,0.0,,253,7.4,14.8,1014.7,,4
2021-08-02,10,15.8,13.1,84,0.7,,268,7.4,14.8,1014.8,,17
2021-08-02,11,15.9,12.8,82,0.5,,263,7.4,14.8,1015.0,,17
2021-08-02,12,16.5,12.8,79,0.4,,264,7.4,16.7,1015.1,,17
2021-08-02,13,16.9,12.8,77,1.4,,274,7.4,16.7,1015.1,,7
2021-08-02,14,17.3,12.6,74,0.0,,281,7.4,16.7,1015.0,,4
2021-08-02,15,17.4,12.5,73,0.0,,293,7.4,16.7,1014.8,,4
2021-08-02,16,17.6,12.3,71,0.0,,292,5.5,14.8,1014.9,,4
2021-08-02,17,17.4,12.5,73,0.0,,297,7.4,14.8,1014.9,,4
2021-08-02,18,16.8,12.5,76,0.0,,310,5.5,13.0,1014.9,,4
2021-08-02,19,16.0,12.6,80,0.0,,81,5.5,13.0,1015.2,,4
2021-08-02,20,15.1,12.6,85,0.0,,131,5.5,11.1,1015.3,,4
2021-08-02,21,14.3,12.3,88,0.0,,131,5.5,11.1,1015.3,,4
2021-08-02,22,13.3,12.4,94,0.0,,142,5.5,9.3,1015.4,,4
2021-08-02,23,12.8,11.9,94,0.0,,130,7.4,9.3,1015.2,,4
2021-08-03,00,12.8,11.7,93,0.0,,137,7.4,11.1,1015.0,,4
2021-08-03,01,12.4,11.6,95,0.1,,129,7.4,11.1,1014.6,,7
2021-08-03,02,12.6,11.5,93,0.3,,136,7.4,11.1,1014.3,,7
2021-08-03,03,12.5,11.7,95,0.4,,129,5.5,11.1,1014.0,,7
2021-08-03,04,12.4,11.9,97,0.8,,130,5.5,11.1,1013.9,,7
2021-08-03,05,12.5,12.2,98,0.8,,130,5.5,11.1,1013.7,,7
2021-08-03,06,13.3,12.7,96,0.8,,127,5.5,11.1,1013.6,,7
2021-08-03,07,13.9,12.9,94,0.6,,126,7.4,13.0,1013.6,,7
2021-08-03,08,14.5,13.2,92,0.4,,136,7.4,13.0,1013.5,,7
2021-08-03,09,15.3,13.5,89,0.5,,128,5.5,14.8,1013.6,,7
2021-08-03,10,15.1,13.6,91,0.7,,355,5.5,13.0,1013.6,,7
2021-08-03,11,15.6,13.8,89,0.7,,11,5.5,13.0,1013.4,,7
2021-08-03,12,16.2,13.7,85,0.5,,340,5.5,14.8,1013.3,,7
2021-08-03,13,16.5,13.6,83,0.4,,350,7.4,14.8,1013.1,,7
2021-08-03,14,16.7,13.4,81,0.3,,356,7.4,16.7,1013.0,,18
2021-08-03,15,16.8,13.1,79,0.3,,353,7.4,16.7,1012.9,,17
2021-08-03,16,17.0,13.3,79,1.7,,356,7.4,14.8,1012.8,,18
2021-08-03,17,16.5,13.4,82,0.9,,339,7.4,14.8,1012.9,,17
2021-08-03,18,15.7,13.2,85,0.0,,346,5.5,13.0,1013.0,,4
2021-08-03,19,15.0,12.9,87,0.0,,338,5.5,13.0,1013.5,,4
2021-08-03,20,14.4,12.8,90,0.0,,290,5.5,11.1,1013.9,,4
2021-08-03,21,13.6,12.7,94,0.0,,240,5.5,11.1,1014.1,,4
2021-08-03,22,13.3,12.2,93,0.0,,231,5.5,9.3,1014.3,,4
2021-08-03,23,12.7,11.9,95,0.0,,212,5.5,9.3,1014.4,,4
2021-08-04,00,12.2,11.7,97,0.0,,209,7.4,9.3,1014.4,,4
2021-08-04,01,12.0,11.5,97,0.0,,208,7.4,11.1,1014.3,,4
2021-08-04,02,11.6,11.6,100,0.0,,206,7.4,11.1,1014.3,,4
2021-08-04,03,11.5,11.5,100,0.0,,209,7.4,11.1,1014.3,,4
2021-08-04,04,10.7,10.7,100,0.0,,197,5.5,9.3,1013.8,,5
2021-08-04,05,11.4,11.4,100,0.0,,193,5.5,11.1,1014.0,,5
2021-08-04,06,12.6,12.1,97,0.0,,196,5.5,9.3,1014.2,,5
2021-08-04,07,14.0,12.4,90,0.0,,208,5.5,9.3,1014.2,,5
2021-08-04,08,15.4,12.5,83,0.0,,189,5.5,11.1,1014.2,,4
2021-08-04,09,16.7,12.6,77,0.0,,67,5.5,13.0,1014.2,,4
2021-08-04,10,17.9,13.0,73,0.0,,50,5.5,13.0,1014.1,,4
2021-08-04,11,18.6,13.0,70,0.0,,65,7.4,14.8,1013.8,,4
2021-08-04,12,19.2,13.2,68,0.0,,61,5.5,14.8,1013.4,,4
2021-08-04,13,19.7,12.9,65,0.0,,59,7.4,16.7,1013.2,,4
2021-08-04,14,19.8,13.0,65,0.0,,55,7.4,16.7,1012.9,,4
2021-08-04,15,19.9,13.1,65,0.0,,54,7.4,16.7,1012.8,,4
2021-08-04,16,20.1,13.3,65,0.0,,60,7.4,14.8,1012.6,,4
2021-08-04,17,19.5,13.7,69,0.0,,80,7.4,14.8,1012.5,,4
2021-08-04,18,18.5,14.0,75,0.0,,80,7.4,13.0,1012.4,,4
2021-08-04,19,17.5,14.0,80,0.0,,99,7.4,13.0,1012.6,,4
2021-08-04,20,16.6,14.1,85,0.0,,113,7.4,13.0,1012.7,,4
2021-08-04,21,15.9,14.1,89,0.0,,129,5.5,11.1,1012.9,,4
2021-08-04,22,15.0,13.9,93,0.0,,194,5.5,9.3,1012.7,,4
2021-08-04,23,14.7,13.7,94,0.0,,188,5.5,9.3,1012.5,,4
2021-08-05,00,14.4,13.6,95,0.0,,194,7.4,11.1,1012.2,,4
2021-08-05,01,14.2,13.6,96,0.0,,192,7.4,11.1,1011.7,,4
2021-08-05,02,13.8,13.3,97,0.0,,196,7.4,13.0,1011.2,,4
2021-08-05,03,13.7,13.1,96,0.0,,198,7.4,11.1,1011.0,,4
2021-08-05,04,13.3,13.0,98,0.0,,200,5.5,11.1,1010.9,,4
2021-08-05,05,13.7,13.4,98,0.0,,201,7.4,11.1,1010.7,,4
2021-08-05,06,14.7,13.9,95,0.0,,206,7.4,13.0,1010.6,,4
2021-08-05,07,16.0,14.2,89,0.0,,215,7.4,13.0,1010.5,,4
2021-08-05,08,17.0,14.3,84,0.0,,217,7.4,13.0,1010.3,,4
2021-08-05,09,18.0,14.7,81,0.0,,220,7.4,14.8,1010.2,,4
2021-08-05,10,18.6,14.7,78,0.0,,227,5.5,13.0,1010.3,,4
2021-08-05,11,19.2,14.7,75,0.0,,221,7.4,14.8,1009.7,,4
2021-08-05,12,19.7,14.5,72,0.0,,218,7.4,16.7,1009.0,,4
2021-08-05,13,20.1,14.5,70,0.0,,217,7.4,16.7,1008.5,,4
2021-08-05,14,20.3,14.4,69,0.0,,223,7.4,16.7,1008.0,,3
2021-08-05,15,20.3,14.4,69,0.0,,215,7.4,16.7,1007.6,,3
2021-08-05,16,20.5,14.2,67,0.0,,202,7.4,14.8,1007.2,,3
2021-08-05,17,20.1,14.7,71,0.0,,209,9.3,16.7,1006.8,,3
2021-08-05,18,19.3,14.5,74,0.0,,200,9.3,16.7,1006.5,,3
2021-08-05,19,18.4,14.5,78,0.0,,183,11.1,18.5,1006.3,,3
2021-08-05,20,17.7,14.4,81,0.0,,179,11.1,18.5,1006.2,,3
2021-08-05,21,17.2,14.1,82,0.0,,171,11.1,20.4,1005.9,,4
2021-08-05,22,16.8,14.3,85,0.0,,173,13.0,20.4,1005.4,,4
2021-08-05,23,16.6,14.2,86,0.0,,167,13.0,20.4,1004.5,,4
2021-08-06,00,16.6,14.1,85,0.0,,169,14.8,22.2,1003.9,,4
2021-08-06,01,16.3,14.1,87,0.1,,171,14.8,22.2,1003.2,,7
2021-08-06,02,16.2,14.2,88,0.3,,176,14.8,24.1,1002.8,,7
2021-08-06,03,16.2,14.2,88,0.3,,183,14.8,24.1,1002.4,,18
2021-08-06,04,16.1,14.3,89,0.9,,197,16.7,25.9,1001.9,,7
2021-08-06,05,16.1,14.3,89,0.5,,200,16.7,27.8,1002.2,,7
2021-08-06,06,16.3,14.1,87,0.4,,206,18.5,31.5,1002.5,,7
2021-08-06,07,16.9,14.4,85,0.0,,212,22.2,33.3,1003.0,,4
2021-08-06,08,17.5,14.6,83,0.0,,216,24.1,35.2,1003.3,,4
2021-08-06,09,18.0,14.5,80,0.0,,219,24.1,38.9,1003.6,,4
2021-08-06,10,18.5,14.4,77,0.0,,221,25.9,42.6,1003.9,,4
2021-08-06,11,18.8,14.5,76,0.0,,222,27.8,44.5,1004.0,,4
2021-08-06,12,19.2,14.5,74,1.0,,221,27.8,44.5,1004.1,,17
2021-08-06,13,19.7,14.5,72,0.4,,220,27.8,44.5,1004.1,,17
2021-08-06,14,20.0,14.4,70,0.4,,221,25.9,44.5,1004.2,,17
2021-08-06,15,19.9,14.3,70,0.4,,221,24.1,42.6,1004.4,,18
2021-08-06,16,19.6,14.4,72,0.0,,220,22.2,38.9,1004.5,,4
2021-08-06,17,19.1,14.4,74,0.0,,220,20.4,37.0,1004.8,,4
2021-08-06,18,18.3,14.4,78,0.0,,216,18.5,33.3,1005.0,,4
2021-08-06,19,17.7,14.2,80,0.0,,211,16.7,31.5,1005.4,,4
2021-08-06,20,17.1,14.2,83,0.0,,208,14.8,27.8,1005.7,,4
2021-08-06,21,16.5,14.1,86,0.0,,205,14.8,25.9,1005.9,,4
2021-08-06,22,15.8,14.0,89,0.0,,200,13.0,24.1,1006.1,,4
2021-08-06,23,15.5,13.7,89,0.0,,200,13.0,22.2,1005.8,,4
2021-08-07,00,15.4,13.4,88,0.0,,197,13.0,22.2,1005.7,,4
2021-08-07,01,15.2,13.6,90,0.0,,194,14.8,22.2,1005.4,,4
2021-08-07,02,15.0,13.4,90,0.0,,192,14.8,22.2,1005.0,,4
2021-08-07,03,14.9,13.3,90,0.0,,191,14.8,22.2,1004.9,,4
2021-08-07,04,14.9,12.9,88,0.0,,189,13.0,22.2,1004.5,,4
2021-08-07,05,15.2,13.0,87,0.0,,189,14.8,24.1,1004.4,,4
2021-08-07,06,15.9,13.2,84,0.0,,192,16.7,25.9,1004.3,,4
2021-08-07,07,16.8,13.3,80,0.0,,198,18.5,27.8,1004.0,,4
2021-08-07,08,17.7,13.4,76,0.0,,202,18.5,29.6,1003.7,,4
2021-08-07,09,18.5,13.6,73,0.0,,206,20.4,31.5,1003.6,,3
2021-08-07,10,19.5,13.2,67,0.0,,209,20.4,33.3,1003.3,,4
2021-08-07,11,20.0,13.2,65,0.0,,208,22.2,35.2,1002.9,,3
2021-08-07,12,20.2,12.9,63,0.0,,207,22.2,37.0,1002.4,,4
2021-08-07,13,20.2,12.9,63,0.0,,206,22.2,37.0,1002.2,,4
2021-08-07,14,20.0,13.2,65,0.0,,203,22.2,37.0,1002.0,,4
2021-08-07,15,19.4,13.6,69,0.0,,202,22.2,38.9,1001.9,,4
2021-08-07,16,18.9,13.3,70,1.2,,199,22.2,37.0,1001.5,,18
2021-08-07,17,18.0,13.5,75,0.8,,198,22.2,38.9,1001.6,,18
2021-08-07,18,17.0,13.3,79,0.8,,200,22.2,38.9,1002.0,,18
2021-08-07,19,16.3,13.2,82,0.0,,203,22.2,38.9,1002.5,,4
2021-08-07,20,15.9,13.2,84,0.0,,206,22.2,40.8,1003.2,,4
2021-08-07,21,15.4,13.1,86,0.0,,210,24.1,38.9,1003.7,,4
2021-08-07,22,14.9,12.9,88,0.0,,210,24.1,37.0,1004.1,,4
2021-08-07,23,14.8,12.7,87,0.0,,213,24.1,37.0,1004.5,,4
2021-08-08,00,14.6,12.5,87,0.0,,216,25.9,38.9,1005.1,,4
2021-08-08,01,14.6,12.3,86,0.0,,217,25.9,38.9,1005.6,,4
2021-08-08,02,14.4,12.1,86,0.0,,217,25.9,38.9,1006.3,,4
2021-08-08,03,14.2,11.9,86,0.0,,215,25.9,38.9,1006.7,,4
2021-08-08,04,13.9,11.6,86,0.0,,215,24.1,38.9,1006.9,,4
2021-08-08,05,13.8,11.7,87,0.0,,215,25.9,40.8,1007.6,,4
2021-08-08,06,14.3,11.6,84,0.0,,217,25.9,42.6,1008.3,,4
2021-08-08,07,15.0,11.8,81,0.0,,218,27.8,42.6,1008.9,,4
2021-08-08,08,15.9,11.7,76,0.0,,221,27.8,44.5,1009.4,,4
2021-08-08,09,16.6,11.5,72,0.0,,222,29.6,46.3,1009.9,,4
2021-08-08,10,17.1,11.4,69,0.0,,223,27.8,44.5,1010.3,,4
2021-08-08,11,17.6,11.4,67,0.0,,220,29.6,46.3,1010.5,,4
2021-08-08,12,17.8,11.4,66,0.0,,219,29.6,46.3,1010.8,,4
2021-08-08,13,18.0,11.3,65,0.0,,218,27.8,46.3,1011.1,,4
2021-08-08,14,18.1,11.4,65,0.0,,218,27.8,46.3,1011.3,,4
2021-08-08,15,18.2,11.5,65,0.0,,218,25.9,46.3,1011.6,,4
2021-08-08,16,18.2,11.0,63,0.0,,218,25.9,44.5,1011.6,,4
2021-08-08,17,17.6,11.4,67,0.0,,217,24.1,40.8,1012.2,,4
2021-08-08,18,16.8,11.5,71,0.0,,214,22.2,37.0,1012.7,,4
2021-08-08,19,16.1,11.5,74,0.0,,212,20.4,37.0,1013.5,,4
2021-08-08,20,15.4,11.6,78,0.0,,207,20.4,35.2,1014.0,,4
2021-08-08,21,14.9,11.3,79,0.0,,203,18.5,33.3,1014.5,,4
2021-08-08,22,14.5,11.3,81,0.0,,201,18.5,29.6,1015.0,,4
2021-08-08,23,14.2,11.2,82,0.0,,200,16.7,27.8,1015.1,,4
2021-08-09,00,14.0,11.0,82,0.0,,199,16.7,25.9,1015.2,,4
2021-08-09,01,13.8,11.0,83,0.0,,198,16.7,25.9,1015.3,,4
2021-08-09,02,13.7,10.9,83,0.0,,197,16.7,25.9,1015.3,,4
2021-08-09,03,13.7,10.9,83,0.0,,197,16.7,25.9,1015.4,,4
2021-08-09,04,13.5,10.7,83,0.0,,195,14.8,25.9,1015.6,,4
2021-08-09,05,13.8,10.8,82,0.0,,196,16.7,27.8,1015.8,,4
2021-08-09,06,14.6,11.2,80,0.0,,196,18.5,29.6,1016.0,,4
2021-08-09,07,15.5,11.5,77,0.0,,200,20.4,31.5,1016.1,,4
2021-08-09,08,16.5,11.6,73,0.0,,204,22.2,33.3,1016.2,,4
2021-08-09,09,17.3,12.2,72,0.0,,208,22.2,35.2,1016.3,,4
2021-08-09,10,18.3,12.1,67,0.0,,214,22.2,37.0,1016.2,,4
2021-08-09,11,18.7,12.2,66,0.0,,213,24.1,38.9,1016.3,,4
2021-08-09,12,18.9,12.4,66,0.0,,212,24.1,40.8,1016.3,,4
2021-08-09,13,19.1,12.6,66,0.2,,212,24.1,40.8,1016.3,,17
2021-08-09,14,19.1,12.8,67,0.3,,209,22.2,38.9,1016.2,,18
2021-08-09,15,19.1,13.1,68,0.2,,207,22.2,37.0,1016.1,,18
2021-08-09,16,19.3,13.0,67,2.2,,209,18.5,35.2,1016.1,,18
2021-08-09,17,18.7,13.1,70,0.0,,210,16.7,31.5,1016.3,,4
2021-08-09,18,18.1,13.2,73,0.0,,208,14.8,27.8,1016.5,,4
2021-08-09,19,17.3,13.0,76,0.0,,204,14.8,25.9,1016.9,,4
2021-08-09,20,16.6,13.1,80,0.0,,201,13.0,24.1,1017.2,,4
2021-08-09,21,16.0,12.9,82,0.0,,199,13.0,22.2,1017.3,,4
2021-08-09,22,15.2,13.0,87,0.0,,199,13.0,20.4,1017.6,,4
2021-08-09,23,14.8,12.8,88,0.0,,197,13.0,20.4,1017.5,,4
2021-08-10,00,14.8,12.8,88,0.0,,196,13.0,20.4,1017.4,,4
2021-08-10,01,14.6,12.8,89,0.0,,196,13.0,20.4,1017.2,,4
2021-08-10,02,14.5,12.9,90,0.0,,197,13.0,20.4,1017.1,,4
2021-08-10,03,14.4,12.8,90,0.0,,197,13.0,20.4,1016.9,,4
2021-08-10,04,14.6,12.8,89,0.0,,196,13.0,22.2,1016.7,,4
2021-08-10,05,14.7,13.1,90,0.0,,197,14.8,24.1,1016.9,,4
2021-08-10,06,15.3,13.3,88,0.0,,199,14.8,25.9,1017.1,,4
2021-08-10,07,16.3,13.8,85,0.0,,204,16.7,25.9,1017.2,,4
2021-08-10,08,17.2,14.1,82,0.0,,209,16.7,25.9,1017.2,,4
2021-08-10,09,18.2,14.7,80,0.0,,215,16.7,27.8,1017.2,,4
2021-08-10,10,19.3,14.3,73,0.0,,222,18.5,29.6,1017.0,,4
2021-08-10,11,19.8,14.6,72,0.0,,227,18.5,29.6,1017.0,,4
2021-08-10,12,20.1,14.7,71,0.0,,228,16.7,31.5,1016.8,,4
2021-08-10,13,20.3,14.9,71,0.0,,231,16.7,29.6,1016.7,,4
2021-08-10,14,20.2,15.0,72,0.0,,234,16.7,29.6,1016.6,,4
2021-08-10,15,20.1,15.1,73,0.0,,236,14.8,27.8,1016.4,,4
2021-08-10,16,20.2,15.0,72,0.0,,236,13.0,25.9,1016.6,,4
2021-08-10,17,19.7,14.9,74,0.0,,237,13.0,24.1,1016.7,,4
2021-08-10,18,18.8,15.1,79,0.0,,236,9.3,20.4,1016.8,,3
2021-08-10,19,18.1,15.0,82,0.0,,227,7.4,18.5,1017.4,,3
2021-08-10,20,17.2,14.7,85,0.0,,218,7.4,14.8,1017.8,,3
2021-08-10,21,16.5,14.7,89,0.0,,208,7.4,13.0,1018.1,,3
2021-08-10,22,15.3,14.5,95,0.0,,201,7.4,13.0,1018.2,,3
2021-08-10,23,15.0,14.2,95,0.0,,194,5.5,11.1,1018.4,,2
2021-08-11,00,14.7,13.9,95,0.0,,195,5.5,11.1,1018.5,,2
2021-08-11,01,14.3,13.7,96,0.0,,195,7.4,11.1,1018.7,,2
2021-08-11,02,14.0,13.4,96,0.0,,194,7.4,11.1,1018.8,,2
2021-08-11,03,13.9,13.3,96,0.0,,197,7.4,11.1,1018.8,,2
2021-08-11,04,13.9,13.1,95,0.0,,196,7.4,13.0,1019.1,,2
2021-08-11,05,14.5,13.4,93,0.0,,192,7.4,13.0,1019.4,,2
2021-08-11,06,15.3,14.0,92,0.0,,196,9.3,14.8,1019.6,,2
2021-08-11,07,16.8,14.4,86,0.0,,205,9.3,16.7,1020.0,,3
2021-08-11,08,18.2,14.9,81,0.0,,216,9.3,16.7,1020.2,,3
2021-08-11,09,19.3,14.8,75,0.0,,223,11.1,18.5,1020.3,,3
2021-08-11,10,20.4,14.7,70,0.0,,232,11.1,20.4,1020.1,,4
2021-08-11,11,21.1,14.3,65,0.0,,237,11.1,20.4,1020.1,,3
2021-08-11,12,21.7,13.9,61,0.0,,243,11.1,22.2,1020.1,,2
2021-08-11,13,22.1,13.7,59,0.0,,245,11.1,22.2,1020.0,,2
2021-08-11,14,22.5,13.6,57,0.0,,252,11.1,22.2,1019.9,,2
2021-08-11,15,22.6,13.4,56,0.0,,254,9.3,20.4,1019.8,,2
2021-08-11,16,22.5,13.0,55,0.0,,263,9.3,18.5,1019.7,,2
2021-08-11,17,22.1,13.5,58,0.0,,270,7.4,16.7,1019.6,,2
2021-08-11,18,21.2,13.6,62,0.0,,268,5.5,13.0,1019.6,,2
2021-08-11,19,19.9,13.8,68,0.0,,257,5.5,11.1,1019.9,,2
2021-08-11,20,18.6,13.5,72,0.0,,211,5.5,11.1,1020.1,,2
2021-08-11,21,17.4,13.3,77,0.0,,179,5.5,9.3,1020.4,,2
2021-08-11,22,16.1,13.8,86,0.0,,167,3.7,7.4,1020.4,,3
2021-08-11,23,15.4,13.4,88,0.0,,169,3.7,7.4,1020.4,,3
2021-08-12,00,14.8,13.0,89,0.0,,173,5.5,7.4,1020.5,,2
2021-08-12,01,14.1,12.7,91,0.0,,181,5.5,9.3,1020.5,,2
2021-08-12,02,13.7,12.3,91,0.0,,186,5.5,9.3,1020.4,,2
2021-08-12,03,13.5,12.4,93,0.0,,188,5.5,9.3,1020.4,,2
2021-08-12,04,13.1,12.2,94,0.0,,189,7.4,11.1,1020.2,,2
2021-08-12,05,13.8,12.7,93,0.0,,192,7.4,13.0,1020.2,,3
2021-08-12,06,15.1,13.3,89,0.0,,196,7.4,11.1,1020.3,,3
2021-08-12,07,16.7,13.8,83,0.0,,202,7.4,13.0,1020.5,,3
2021-08-12,08,18.8,14.1,74,0.0,,208,7.4,13.0,1020.5,,3
2021-08-12,09,20.4,14.3,68,0.0,,217,7.4,13.0,1020.5,,3
2021-08-12,10,21.9,15.0,65,0.0,,230,7.4,14.8,1020.4,,4
2021-08-12,11,23.0,15.1,61,0.0,,232,7.4,16.7,1020.2,,3
2021-08-12,12,23.8,15.3,59,0.0,,234,7.4,14.8,1020.0,,3
2021-08-12,13,24.5,15.4,57,0.0,,237,7.4,14.8,1019.8,,3
2021-08-12,14,25.0,15.6,56,0.0,,276,7.4,14.8,1019.5,,3
2021-08-12,15,25.3,15.9,56,0.0,,318,5.5,14.8,1019.3,,3
2021-08-12,16,25.1,15.7,56,0.0,,315,5.5,13.0,1018.9,,3
2021-08-12,17,24.7,16.2,59,0.0,,333,5.5,13.0,1018.8,,2
2021-08-12,18,23.5,16.3,64,0.0,,356,5.5,11.1,1018.9,,2
2021-08-12,19,22.4,16.2,68,0.0,,27,5.5,11.1,1019.1,,2
2021-08-12,20,21.1,16.1,73,0.0,,47,5.5,11.1,1019.2,,2
2021-08-12,21,19.9,16.0,78,0.0,,80,5.5,11.1,1019.5,,2
2021-08-12,22,18.3,15.5,84,0.0,,133,5.5,9.3,1019.6,,2
2021-08-12,23,17.8,15.2,85,0.0,,133,5.5,9.3,1019.8,,2
2021-08-13,00,17.5,15.3,87,0.0,,156,5.5,9.3,1019.9,,2
2021-08-13,01,17.1,15.3,89,0.0,,173,5.5,9.3,1020.0,,3
2021-08-13,02,16.9,15.1,89,0.0,,182,5.5,9.3,1020.0,,3
2021-08-13,03,16.8,15.1,90,0.0,,200,7.4,9.3,1019.9,,3
2021-08-13,04,16.7,15.4,92,0.0,,205,7.4,11.1,1020.0,,4
2021-08-13,05,17.2,15.7,91,0.0,,199,7.4,13.0,1020.4,,4
2021-08-13,06,18.0,16.0,88,0.0,,209,9.3,14.8,1020.9,,4
2021-08-13,07,18.7,16.3,86,0.0,,220,9.3,16.7,1021.4,,4
2021-08-13,08,19.9,16.5,81,0.0,,232,9.3,18.5,1021.8,,4
2021-08-13,09,20.8,16.4,76,0.0,,239,11.1,20.4,1022.0,,4
2021-08-13,10,21.9,16.4,71,0.0,,244,13.0,22.2,1022.4,,3
2021-08-13,11,22.8,16.1,66,0.0,,246,14.8,25.9,1022.5,,3
2021-08-13,12,23.2,16.0,64,0.0,,246,14.8,25.9,1022.4,,3
2021-08-13,13,23.5,15.3,60,0.0,,250,14.8,27.8,1022.4,,3
2021-08-13,14,23.7,14.9,58,0.0,,255,14.8,27.8,1022.3,,3
2021-08-13,15,23.8,14.8,57,0.0,,256,14.8,27.8,1022.2,,3
2021-08-13,16,23.5,14.5,57,0.0,,263,14.8,27.8,1022.1,,3
2021-08-13,17,22.8,14.1,58,0.0,,268,13.0,24.1,1022.1,,2
2021-08-13,18,21.8,13.9,61,0.0,,269,11.1,22.2,1022.2,,2
2021-08-13,19,20.4,13.6,65,0.0,,275,7.4,18.5,1022.5,,2
2021-08-13,20,18.9,13.5,71,0.0,,264,7.4,14.8,1022.8,,2
2021-08-13,21,17.5,13.0,75,0.0,,248,5.5,13.0,1023.0,,1
2021-08-13,22,16.0,12.6,80,0.0,,227,5.5,9.3,1023.3,,1
2021-08-13,23,15.3,12.4,83,0.0,,220,5.5,9.3,1023.2,,1
2021-08-14,00,14.6,12.1,85,0.0,,210,5.5,11.1,1023.1,,1
2021-08-14,01,14.0,11.9,87,0.0,,200,7.4,11.1,1022.9,,1
2021-08-14,02,13.5,11.6,88,0.0,,202,7.4,13.0,1022.7,,1
2021-08-14,03,13.3,11.5,89,0.0,,203,7.4,13.0,1022.6,,1
2021-08-14,04,12.8,11.5,92,0.0,,200,9.3,14.8,1022.5,,1
2021-08-14,05,13.5,11.9,90,0.0,,198,11.1,16.7,1022.5,,1
2021-08-14,06,14.9,12.6,86,0.0,,204,11.1,18.5,1022.6,,1
2021-08-14,07,15.8,12.9,83,0.0,,210,11.1,20.4,1022.5,,1
2021-08-14,08,17.6,12.9,74,0.0,,218,13.0,20.4,1022.4,,1
2021-08-14,09,19.2,12.9,67,0.0,,226,13.0,22.2,1022.3,,1
2021-08-14,10,21.6,13.5,60,0.0,,234,14.8,24.1,1022.2,,1
2021-08-14,11,22.4,13.5,57,0.0,,236,14.8,27.8,1021.8,,1
2021-08-14,12,23.2,13.4,54,0.0,,239,14.8,27.8,1021.5,,1
2021-08-14,13,23.9,13.4,52,0.0,,244,14.8,27.8,1021.0,,1
2021-08-14,14,24.4,13.6,51,0.0,,250,14.8,27.8,1020.7,,1
2021-08-14,15,24.4,13.9,52,0.0,,253,13.0,25.9,1020.4,,1
2021-08-14,16,24.1,13.3,51,0.0,,264,11.1,24.1,1020.1,,2
2021-08-14,17,23.4,13.8,55,0.0,,270,9.3,20.4,1019.8,,1
2021-08-14,18,22.3,13.9,59,0.0,,280,7.4,14.8,1019.5,,1
2021-08-14,19,21.0,13.9,64,0.0,,284,5.5,13.0,1019.4,,1
2021-08-14,20,19.6,14.2,71,0.0,,231,5.5,13.0,1019.2,,1
2021-08-14,21,18.4,14.1,76,0.0,,178,7.4,11.1,1019.1,,1
2021-08-14,22,16.8,13.3,80,0.0,,164,5.5,9.3,1019.3,,1
2021-08-14,23,16.1,13.0,82,0.0,,169,5.5,9.3,1018.9,,1
2021-08-15,00,15.7,12.6,82,0.0,,176,5.5,9.3,1018.5,,1
2021-08-15,01,14.9,12.4,85,0.0,,176,7.4,11.1,1018.2,,1
2021-08-15,02,14.6,12.3,86,0.0,,179,7.4,11.1,1017.7,,1
2021-08-15,03,14.5,12.0,85,0.0,,184,7.4,13.0,1017.4,,1
2021-08-15,04,14.8,12.1,84,0.0,,185,9.3,14.8,1017.0,,2
2021-08-15,05,15.5,12.6,83,0.0,,188,11.1,16.7,1016.7,,2
2021-08-15,06,16.7,13.2,80,0.0,,192,11.1,18.5,1016.5,,2
2021-08-15,07,18.3,14.0,76,0.0,,199,13.0,20.4,1016.3,,2
2021-08-15,08,20.0,14.6,71,0.0,,208,11.1,18.5,1016.0,,2
2021-08-15,09,21.6,14.7,65,0.0,,217,13.0,20.4,1015.7,,2
2021-08-15,10,23.2,14.5,58,0.0,,225,13.0,24.1,1015.6,,2
2021-08-15,11,24.2,14.6,55,0.0,,230,13.0,25.9,1014.9,,2
2021-08-15,12,24.9,14.4,52,0.0,,233,13.0,25.9,1014.1,,2
2021-08-15,13,25.5,14.6,51,0.0,,235,13.0,25.9,1013.4,,2
2021-08-15,14,25.7,14.5,50,0.0,,240,13.0,25.9,1012.7,,2
2021-08-15,15,25.7,15.1,52,0.0,,242,13.0,25.9,1012.1,,3
2021-08-15,16,25.3,15.0,53,0.0,,240,13.0,24.1,1011.8,,3
2021-08-15,17,24.8,15.4,56,0.0,,238,13.0,22.2,1011.3,,3
2021-08-15,18,23.5,15.3,60,0.0,,246,11.1,22.2,1011.4,,3
2021-08-15,19,22.5,15.6,65,0.0,,241,11.1,20.4,1011.3,,4
2021-08-15,20,21.3,15.4,69,0.0,,245,11.1,20.4,1011.5,,4
2021-08-15,21,19.8,15.2,75,0.0,,249,13.0,22.2,1011.6,,4
2021-08-15,22,18.4,14.7,79,0.0,,241,11.1,20.4,1012.3,,4
2021-08-15,23,17.3,13.8,80,0.0,,243,13.0,22.2,1012.1,,3
2021-08-16,00,16.4,13.1,81,0.0,,242,14.8,25.9,1012.0,,3
2021-08-16,01,15.7,12.4,81,0.0,,237,14.8,25.9,1011.8,,4
2021-08-16,02,15.2,12.1,82,0.0,,235,16.7,25.9,1011.5,,4
2021-08-16,03,14.9,12.0,83,0.0,,227,16.7,27.8,1011.4,,4
2021-08-16,04,14.8,12.3,85,0.0,,226,16.7,29.6,1011.3,,4
2021-08-16,05,14.9,12.6,86,0.0,,225,18.5,29.6,1011.3,,4
2021-08-16,06,15.4,13.1,86,0.0,,227,20.4,33.3,1011.4,,4
2021-08-16,07,16.0,13.3,84,0.0,,230,20.4,33.3,1011.5,,4
2021-08-16,08,16.4,13.7,84,0.0,,233,22.2,37.0,1011.7,,4
2021-08-16,09,16.6,13.7,83,0.0,,237,20.4,37.0,1012.1,,4
2021-08-16,10,16.9,13.0,78,0.0,,243,20.4,35.2,1013.1,,4
2021-08-16,11,17.0,12.7,76,0.0,,247,20.4,35.2,1013.2,,4
2021-08-16,12,16.6,12.6,77,1.3,,255,20.4,35.2,1013.5,,7
2021-08-16,13,16.1,12.3,78,0.4,,262,20.4,35.2,1014.1,,7
2021-08-16,14,15.7,12.1,79,0.6,,270,18.5,33.3,1014.7,,7
2021-08-16,15,15.0,12.0,82,0.6,,277,18.5,33.3,1015.3,,7
2021-08-16,16,14.5,11.5,82,0.8,,284,16.7,31.5,1015.6,,7
2021-08-16,17,13.8,11.1,84,0.5,,282,16.7,31.5,1016.0,,18
2021-08-16,18,13.4,10.8,84,0.0,,276,14.8,25.9,1016.7,,4
2021-08-16,19,12.9,10.4,85,0.0,,265,11.1,22.2,1017.6,,4
2021-08-16,20,12.3,10.0,86,0.0,,254,11.1,22.2,1018.4,,4
2021-08-16,21,12.1,9.8,86,0.0,,249,14.8,22.2,1018.9,,4
2021-08-16,22,11.3,9.7,90,0.0,,235,14.8,22.2,1019.8,,3
2021-08-16,23,11.2,9.8,91,0.0,,240,13.0,24.1,1019.6,,2
2021-08-17,00,11.0,9.9,93,0.0,,239,14.8,24.1,1019.6,,2
2021-08-17,01,11.1,9.8,92,0.0,,236,14.8,24.1,1019.4,,2
2021-08-17,02,11.1,10.0,93,0.0,,235,14.8,24.1,1019.3,,2
2021-08-17,03,11.1,10.2,94,0.0,,229,14.8,24.1,1019.3,,3
2021-08-17,04,10.8,10.3,97,0.0,,227,16.7,24.1,1019.7,,3
2021-08-17,05,11.1,10.8,98,0.0,,228,16.7,25.9,1019.8,,4
2021-08-17,06,11.8,11.2,96,0.0,,228,16.7,27.8,1020.0,,4
2021-08-17,07,12.7,11.4,92,0.0,,231,18.5,27.8,1019.7,,4
2021-08-17,08,13.8,11.5,86,0.0,,234,18.5,29.6,1019.7,,4
2021-08-17,09,14.6,11.6,82,0.0,,237,20.4,31.5,1019.6,,4
2021-08-17,10,15.4,11.2,76,0.0,,239,18.5,31.5,1020.0,,4
2021-08-17,11,15.8,11.4,75,0.0,,240,18.5,31.5,1019.5,,4
2021-08-17,12,15.6,11.4,76,0.0,,241,18.5,33.3,1019.0,,4
2021-08-17,13,15.3,11.7,79,0.4,,240,18.5,31.5,1018.6,,7
2021-08-17,14,15.1,11.9,81,0.5,,238,16.7,29.6,1018.1,,7
2021-08-17,15,15.0,12.1,83,0.4,,237,16.7,29.6,1017.9,,7
2021-08-17,16,14.8,12.5,86,0.8,,233,16.7,27.8,1017.5,,7
2021-08-17,17,14.5,12.7,89,0.5,,228,16.7,27.8,1017.4,,7
2021-08-17,18,14.2,12.9,92,0.5,,226,14.8,25.9,1017.2,,7
2021-08-17,19,14.1,13.0,93,0.2,,222,14.8,25.9,1017.2,,7
2021-08-17,20,14.0,13.0,94,0.1,,223,14.8,25.9,1017.1,,7
2021-08-17,21,14.2,13.2,94,0.1,,226,16.7,25.9,1017.0,,7
2021-08-17,22,13.6,13.0,96,0.0,,225,14.8,25.9,1017.4,,4
2021-08-17,23,13.8,13.2,96,0.0,,230,14.8,24.1,1017.3,,4
2021-08-18,00,13.8,13.2,96,0.7,,233,14.8,24.1,1017.2,,7
2021-08-18,01,13.9,13.3,96,0.2,,233,13.0,22.2,1017.1,,7
2021-08-18,02,14.0,13.4,96,0.2,,231,13.0,22.2,1016.9,,7
2021-08-18,03,14.0,13.5,97,0.3,,229,13.0,22.2,1016.8,,7
2021-08-18,04,13.8,13.3,97,0.0,,232,13.0,22.2,1016.8,,4
2021-08-18,05,13.8,13.5,98,0.0,,235,13.0,22.2,1016.9,,4
2021-08-18,06,14.2,13.7,97,0.0,,234,13.0,22.2,1017.0,,4
2021-08-18,07,14.8,14.0,95,0.0,,238,13.0,22.2,1017.1,,4
2021-08-18,08,15.6,14.3,92,0.0,,240,13.0,24.1,1017.2,,4
2021-08-18,09,16.4,14.6,89,0.0,,241,14.8,25.9,1017.3,,4
2021-08-18,10,17.2,14.3,83,0.0,,243,14.8,25.9,1017.5,,4
2021-08-18,11,17.9,14.2,79,0.0,,244,16.7,27.8,1017.3,,4
2021-08-18,12,18.5,14.2,76,0.0,,244,16.7,29.6,1017.0,,4
2021-08-18,13,19.0,14.1,73,0.0,,245,18.5,29.6,1016.6,,4
2021-08-18,14,19.2,14.0,72,0.0,,245,18.5,29.6,1016.5,,4
2021-08-18,15,19.3,13.9,71,0.0,,249,18.5,29.6,1016.3,,4
2021-08-18,16,19.2,14.0,72,0.0,,247,16.7,29.6,1015.9,,4
2021-08-18,17,18.8,14.1,74,0.0,,245,16.7,27.8,1015.8,,4
2021-08-18,18,18.2,14.3,78,0.0,,243,14.8,25.9,1015.7,,4
2021-08-18,19,17.6,13.9,79,0.0,,237,11.1,24.1,1015.6,,4
2021-08-18,20,17.0,14.1,83,0.0,,235,11.1,22.2,1015.6,,4
2021-08-18,21,16.5,14.1,86,0.0,,230,11.1,20.4,1015.4,,4
2021-08-18,22,16.1,13.8,86,0.0,,220,13.0,22.2,1016.1,,4
2021-08-18,23,15.9,14.1,89,0.0,,226,13.0,22.2,1015.8,,4
2021-08-19,00,15.8,14.2,90,0.0,,226,14.8,24.1,1015.4,,4
2021-08-19,01,15.7,14.2,91,0.0,,227,14.8,24.1,1015.0,,4
2021-08-19,02,15.5,14.4,93,0.0,,226,14.8,24.1,1014.7,,4
2021-08-19,03,15.5,14.4,93,0.0,,224,14.8,25.9,1014.6,,4
2021-08-19,04,15.5,14.4,93,0.0,,225,16.7,25.9,1014.5,,4
2021-08-19,05,15.2,14.2,94,0.0,,227,16.7,25.9,1014.6,,4
2021-08-19,06,15.4,14.3,93,0.0,,229,16.7,27.8,1014.8,,4
2021-08-19,07,16.0,14.4,90,0.0,,233,16.7,27.8,1015.0,,4
2021-08-19,08,16.8,14.4,86,0.0,,235,16.7,27.8,1015.3,,4
2021-08-19,09,17.3,14.4,83,0.0,,236,18.5,29.6,1015.4,,4
2021-08-19,10,17.6,14.1,80,0.0,,237,16.7,29.6,1015.8,,4
2021-08-19,11,18.2,14.3,78,0.0,,237,16.7,29.6,1015.7,,4
2021-08-19,12,18.5,14.2,76,0.0,,236,16.7,29.6,1015.5,,4
2021-08-19,13,18.8,14.1,74,0.0,,239,16.7,29.6,1015.4,,4
2021-08-19,14,19.0,14.3,74,0.0,,239,16.7,29.6,1015.3,,4
2021-08-19,15,18.9,14.2,74,0.0,,242,16.7,27.8,1015.3,,4
2021-08-19,16,19.1,13.9,72,0.0,,241,14.8,27.8,1015.2,,4
2021-08-19,17,18.5,13.8,74,0.0,,238,13.0,24.1,1015.3,,4
2021-08-19,18,17.7,13.4,76,0.0,,234,11.1,22.2,1015.4,,4
2021-08-19,19,16.9,13.2,79,0.0,,227,9.3,18.5,1015.7,,4
2021-08-19,20,16.3,12.8,80,0.0,,222,9.3,18.5,1015.9,,3
2021-08-19,21,15.6,12.7,83,0.0,,220,9.3,16.7,1016.1,,4
2021-08-19,22,14.6,12.3,86,0.0,,217,9.3,16.7,1016.2,,4
2021-08-19,23,14.3,12.2,87,0.0,,222,9.3,16.7,1016.4,,4
2021-08-20,00,14.1,12.1,88,0.0,,217,9.3,16.7,1016.3,,4
2021-08-20,01,13.9,12.3,90,0.0,,212,11.1,16.7,1016.3,,4
2021-08-20,02,13.7,12.3,91,0.0,,211,11.1,16.7,1016.3,,4
2021-08-20,03,13.7,12.6,93,0.0,,208,11.1,18.5,1016.2,,4
2021-08-20,04,13.7,12.4,92,0.0,,208,9.3,18.5,1016.1,,4
2021-08-20,05,14.0,12.7,92,0.0,,207,11.1,18.5,1016.4,,4
2021-08-20,06,14.7,13.2,91,0.0,,209,11.1,20.4,1016.8,,4
2021-08-20,07,15.7,13.5,87,0.0,,215,13.0,20.4,1017.1,,4
2021-08-20,08,16.8,13.9,83,0.0,,220,13.0,22.2,1017.3,,4
2021-08-20,09,17.8,14.1,79,0.0,,225,13.0,22.2,1017.5,,4
2021-08-20,10,18.9,14.0,73,0.0,,233,13.0,24.1,1017.5,,4
2021-08-20,11,19.7,14.1,70,0.0,,238,13.0,24.1,1017.5,,4
2021-08-20,12,20.3,14.2,68,0.0,,240,13.0,25.9,1017.5,,4
2021-08-20,13,20.7,14.1,66,0.0,,243,13.0,25.9,1017.5,,4
2021-08-20,14,21.0,14.4,66,0.0,,244,13.0,24.1,1017.5,,4
2021-08-20,15,21.2,14.4,65,0.0,,250,11.1,22.2,1017.5,,4
2021-08-20,16,21.1,14.5,66,0.0,,253,11.1,22.2,1017.3,,4
2021-08-20,17,20.6,14.7,69,0.0,,253,9.3,18.5,1017.5,,3
2021-08-20,18,19.7,14.7,73,0.0,,254,7.4,14.8,1017.8,,3
2021-08-20,19,18.8,14.7,77,0.0,,238,5.5,13.0,1018.3,,2
2021-08-20,20,17.8,14.7,82,0.0,,208,5.5,11.1,1018.6,,2
2021-08-20,21,16.8,14.4,86,0.0,,180,5.5,9.3,1018.8,,2
2021-08-20,22,15.8,14.2,90,0.0,,171,5.5,9.3,1018.9,,3
2021-08-20,23,15.5,13.9,90,0.0,,149,5.5,9.3,1018.8,,3
2021-08-21,00,15.1,13.8,92,0.0,,158,5.5,9.3,1018.7,,3
2021-08-21,01,14.9,13.6,92,0.0,,157,5.5,9.3,1018.7,,3
2021-08-21,02,14.6,13.5,93,0.0,,162,5.5,9.3,1018.5,,3
2021-08-21,03,14.5,13.4,93,0.0,,160,5.5,11.1,1018.5,,4
2021-08-21,04,14.6,13.1,91,0.0,,155,5.5,9.3,1018.5,,4
2021-08-21,05,15.1,13.3,89,0.0,,150,5.5,11.1,1018.5,,4
2021-08-21,06,16.2,14.0,87,0.0,,150,5.5,11.1,1018.5,,4
2021-08-21,07,18.0,14.5,80,0.0,,154,5.5,11.1,1018.6,,4
2021-08-21,08,19.8,15.0,74,0.0,,163,5.5,13.0,1018.6,,4
2021-08-21,09,21.3,15.2,68,0.0,,168,7.4,14.8,1018.5,,3
2021-08-21,10,21.9,15.0,65,0.0,,179,7.4,14.8,1018.2,,2
2021-08-21,11,22.8,14.9,61,0.0,,173,7.4,16.7,1017.9,,2
2021-08-21,12,23.6,14.9,58,0.0,,177,7.4,16.7,1017.5,,2
2021-08-21,13,24.2,14.9,56,0.0,,180,7.4,16.7,1017.2,,2
2021-08-21,14,24.5,15.1,56,0.0,,184,7.4,16.7,1016.7,,3
2021-08-21,15,24.4,15.3,57,0.0,,181,7.4,14.8,1016.4,,3
2021-08-21,16,24.2,15.1,57,0.0,,184,7.4,14.8,1016.1,,4
2021-08-21,17,23.6,15.4,60,0.0,,186,7.4,14.8,1016.0,,4
2021-08-21,18,22.5,15.8,66,0.0,,178,5.5,13.0,1016.0,,4
2021-08-21,19,21.3,15.8,71,0.0,,166,7.4,14.8,1015.7,,4
2021-08-21,20,20.3,15.9,76,0.3,,170,9.3,14.8,1015.7,,7
2021-08-21,21,19.5,16.0,80,0.5,,181,11.1,16.7,1015.7,,7
2021-08-21,22,18.3,15.4,83,1.5,,189,11.1,18.5,1016.0,,7
2021-08-21,23,17.6,15.6,88,1.4,,216,11.1,20.4,1015.6,,7
2021-08-22,00,17.3,15.3,88,1.1,,221,13.0,22.2,1015.3,,7
2021-08-22,01,17.0,15.2,89,0.8,,224,13.0,24.1,1015.1,,7
2021-08-22,02,16.8,15.1,90,0.6,,229,14.8,24.1,1015.2,,7
2021-08-22,03,16.6,15.0,90,0.0,,229,14.8,25.9,1015.5,,4
2021-08-22,04,16.4,15.1,92,0.0,,226,16.7,25.9,1015.3,,4
2021-08-22,05,15.9,14.9,94,0.0,,227,14.8,25.9,1015.7,,4
2021-08-22,06,16.2,15.1,93,0.0,,228,16.7,27.8,1016.0,,4
2021-08-22,07,16.6,15.1,91,0.0,,231,16.7,27.8,1016.3,,4
2021-08-22,08,16.9,15.1,89,0.0,,235,16.7,27.8,1016.7,,4
2021-08-22,09,17.3,15.1,87,0.0,,237,16.7,29.6,1017.0,,4
2021-08-22,10,17.3,15.1,87,0.0,,236,18.5,31.5,1017.5,,4
2021-08-22,11,17.5,15.1,86,0.8,,237,16.7,31.5,1017.4,,17
2021-08-22,12,17.6,15.0,85,0.8,,241,18.5,31.5,1017.4,,18
2021-08-22,13,17.7,15.0,84,0.3,,244,18.5,33.3,1017.2,,18
2021-08-22,14,17.8,15.1,84,0.4,,244,16.7,31.5,1017.2,,18
2021-08-22,15,17.8,15.1,84,0.2,,250,16.7,29.6,1017.2,,18
2021-08-22,16,17.4,15.0,86,0.7,,240,16.7,29.6,1017.2,,18
2021-08-22,17,16.9,15.2,90,0.4,,241,14.8,27.8,1017.5,,18
2021-08-22,18,16.4,15.1,92,0.4,,243,14.8,25.9,1017.7,,18
2021-08-22,19,16.1,15.0,93,0.2,,238,13.0,24.1,1018.2,,18
2021-08-22,20,16.0,14.7,92,0.2,,238,13.0,24.1,1018.5,,17
2021-08-22,21,15.8,14.8,94,0.2,,237,13.0,22.2,1019.0,,7
2021-08-22,22,15.0,14.7,98,0.0,,237,13.0,22.2,1018.9,,4
2021-08-22,23,14.9,14.6,98,0.0,,240,11.1,20.4,1019.2,,4
2021-08-23,00,14.7,14.4,98,0.0,,237,11.1,18.5,1019.6,,4
2021-08-23,01,14.6,14.4,99,0.0,,236,9.3,16.7,1020.0,,4
2021-08-23,02,14.4,14.2,99,0.0,,233,11.1,16.7,1020.4,,4
2021-08-23,03,14.2,14.0,99,0.0,,245,9.3,14.8,1020.8,,4
2021-08-23,04,13.9,13.9,100,0.0,,262,5.5,11.1,1020.9,,4
2021-08-23,05,14.1,14.1,100,0.0,,323,5.5,11.1,1021.3,,4
2021-08-23,06,14.5,14.5,100,0.0,,348,5.5,13.0,1021.8,,4
2021-08-23,07,15.3,14.7,96,0.0,,358,7.4,13.0,1022.1,,4
2021-08-23,08,16.1,15.0,93,0.0,,11,9.3,14.8,1022.6,,4
2021-08-23,09,16.8,15.0,89,0.0,,14,11.1,18.5,1023.0,,4
2021-08-23,10,17.7,15.1,85,0.0,,15,11.1,20.4,1023.4,,4
2021-08-23,11,18.4,15.1,81,0.0,,14,13.0,22.2,1023.6,,4
2021-08-23,12,18.9,15.0,78,0.0,,12,13.0,24.1,1023.7,,4
2021-08-23,13,19.5,14.7,74,0.0,,11,13.0,24.1,1023.8,,4
2021-08-23,14,20.0,15.0,73,0.0,,14,14.8,25.9,1023.7,,4
2021-08-23,15,20.3,14.9,71,0.0,,19,14.8,25.9,1023.6,,4
2021-08-23,16,20.1,14.7,71,0.0,,18,14.8,25.9,1023.6,,4
2021-08-23,17,19.9,14.5,71,0.0,,19,13.0,24.1,1023.8,,4
2021-08-23,18,19.0,14.1,73,0.0,,25,11.1,22.2,1024.1,,4
2021-08-23,19,18.1,13.8,76,0.0,,28,11.1,20.4,1024.7,,3
2021-08-23,20,17.2,13.1,77,0.0,,25,11.1,18.5,1025.3,,3
2021-08-23,21,16.3,12.8,80,0.0,,30,11.1,18.5,1025.8,,1
2021-08-23,22,15.5,13.0,85,0.0,,31,11.1,16.7,1025.5,,2
2021-08-23,23,14.9,12.2,84,0.0,,35,13.0,18.5,1025.5,,1
2021-08-24,00,14.1,11.4,84,0.0,,40,11.1,18.5,1025.8,,1
2021-08-24,01,13.3,11.2,87,0.0,,41,11.1,18.5,1026.0,,1
2021-08-24,02,12.6,10.7,88,0.0,,42,11.1,18.5,1026.2,,1
2021-08-24,03,12.0,10.6,91,0.0,,42,9.3,16.7,1026.3,,1
2021-08-24,04,11.8,10.4,91,0.0,,36,9.3,16.7,1026.3,,1
2021-08-24,05,12.3,10.5,89,0.0,,40,11.1,18.5,1026.7,,1
2021-08-24,06,13.5,10.8,84,0.0,,42,11.1,20.4,1027.1,,1
2021-08-24,07,15.0,11.4,79,0.0,,44,13.0,22.2,1027.2,,1
2021-08-24,08,16.5,11.6,73,0.0,,43,14.8,22.2,1027.3,,1
2021-08-24,09,17.8,11.6,67,0.0,,43,16.7,25.9,1027.3,,1
2021-08-24,10,19.1,10.6,58,0.0,,41,18.5,27.8,1027.1,,2
2021-08-24,11,19.6,10.3,55,0.0,,47,18.5,31.5,1026.8,,2
2021-08-24,12,20.1,9.9,52,0.0,,47,20.4,33.3,1026.6,,2
2021-08-24,13,20.5,9.4,49,0.0,,46,20.4,35.2,1026.4,,2
2021-08-24,14,20.7,9.3,48,0.0,,45,20.4,35.2,1026.2,,2
2021-08-24,15,20.7,9.3,48,0.0,,46,20.4,33.3,1025.9,,2
2021-08-24,16,20.3,9.2,49,0.0,,46,20.4,33.3,1025.7,,2
2021-08-24,17,19.6,9.2,51,0.0,,43,18.5,31.5,1025.6,,1
2021-08-24,18,18.3,9.4,56,0.0,,44,14.8,27.8,1025.7,,1
2021-08-24,19,17.0,9.2,60,0.0,,42,13.0,24.1,1025.7,,1
2021-08-24,20,15.9,9.1,64,0.0,,42,13.0,22.2,1025.9,,1
2021-08-24,21,14.7,9.1,69,0.0,,43,11.1,18.5,1025.9,,1
2021-08-24,22,13.6,9.1,74,0.0,,52,9.3,16.7,1025.9,,1
2021-08-24,23,12.8,9.1,78,0.0,,48,9.3,16.7,1025.7,,1
2021-08-25,00,12.0,8.8,81,0.0,,53,9.3,14.8,1025.7,,1
2021-08-25,01,11.2,8.8,85,0.0,,57,9.3,14.8,1025.4,,1
2021-08-25,02,10.6,8.4,86,0.0,,57,9.3,14.8,1025.1,,1
2021-08-25,03,10.2,8.5,89,0.0,,60,7.4,13.0,1024.9,,1
2021-08-25,04,9.8,8.4,91,0.0,,67,5.5,11.1,1024.9,,1
2021-08-25,05,10.5,8.9,90,0.0,,66,5.5,13.0,1024.8,,1
2021-08-25,06,12.0,9.6,85,0.0,,65,7.4,13.0,1024.7,,1
2021-08-25,07,13.9,10.3,79,0.0,,59,7.4,14.8,1024.5,,1
2021-08-25,08,15.7,10.9,73,0.0,,51,9.3,14.8,1024.3,,1
2021-08-25,09,17.5,10.8,65,0.0,,43,9.3,16.7,1024.1,,1
2021-08-25,10,18.6,10.7,60,0.0,,46,9.3,18.5,1024.1,,2
2021-08-25,11,19.4,10.4,56,0.0,,44,11.1,20.4,1023.3,,2
2021-08-25,12,20.0,10.1,53,0.0,,19,9.3,20.4,1022.8,,2
2021-08-25,13,20.4,10.2,52,0.0,,10,9.3,20.4,1022.1,,2
2021-08-25,14,20.8,10.3,51,0.0,,8,9.3,20.4,1021.5,,2
2021-08-25,15,20.4,10.5,53,0.0,,356,9.3,20.4,1021.1,,2
2021-08-25,16,20.2,10.6,54,0.0,,357,9.3,18.5,1020.6,,2
2021-08-25,17,19.4,10.9,58,0.0,,347,9.3,18.5,1020.1,,2
2021-08-25,18,18.2,11.5,65,0.0,,340,9.3,16.7,1019.9,,3
2021-08-25,19,17.0,11.9,72,0.0,,328,9.3,16.7,1019.7,,4
2021-08-25,20,16.1,11.9,76,0.0,,317,9.3,16.7,1019.7,,4
2021-08-25,21,15.6,12.2,80,0.0,,301,9.3,16.7,1019.5,,4
2021-08-25,22,15.1,12.4,84,0.0,,289,9.3,16.7,1019.1,,4
2021-08-25,23,14.7,12.6,87,0.0,,280,9.3,16.7,1018.5,,4
2021-08-26,00,14.6,12.8,89,0.0,,275,11.1,18.5,1017.9,,4
2021-08-26,01,14.4,12.9,91,0.0,,273,11.1,18.5,1017.2,,4
2021-08-26,02,14.2,13.1,93,0.0,,273,11.1,18.5,1016.7,,4
2021-08-26,03,14.1,13.0,93,0.0,,278,11.1,18.5,1016.3,,4
2021-08-26,04,14.0,12.9,93,0.0,,303,11.1,18.5,1016.1,,4
2021-08-26,05,13.7,12.3,91,0.0,,317,11.1,20.4,1016.0,,4
2021-08-26,06,13.7,11.9,89,0.0,,323,11.1,22.2,1016.1,,4
2021-08-26,07,14.2,11.9,86,0.0,,328,13.0,24.1,1015.7,,4
2021-08-26,08,14.9,11.5,80,0.0,,327,13.0,24.1,1016.0,,4
2021-08-26,09,15.4,11.2,76,0.0,,321,13.0,24.1,1016.0,,4
2021-08-26,10,16.4,11.5,73,0.0,,318,13.0,25.9,1016.4,,4
2021-08-26,11,16.9,11.6,71,0.0,,318,14.8,27.8,1016.1,,4
2021-08-26,12,17.3,11.3,68,0.0,,313,14.8,27.8,1016.0,,4
2021-08-26,13,17.8,11.1,65,0.0,,316,14.8,27.8,1015.8,,4
2021-08-26,14,17.9,11.2,65,0.0,,314,14.8,29.6,1015.7,,4
2021-08-26,15,17.8,11.4,66,0.0,,315,14.8,27.8,1015.7,,4
2021-08-26,16,17.8,11.4,66,0.0,,313,14.8,29.6,1015.7,,4
2021-08-26,17,17.1,12.0,72,0.0,,319,14.8,27.8,1015.8,,4
2021-08-26,18,16.2,12.0,76,0.0,,327,13.0,22.2,1015.9,,4
2021-08-26,19,15.3,11.9,80,0.0,,331,11.1,22.2,1016.3,,4
2021-08-26,20,14.4,11.5,83,0.0,,331,11.1,20.4,1016.7,,4
2021-08-26,21,13.6,11.1,85,0.0,,333,9.3,18.5,1017.0,,4
2021-08-26,22,13.2,11.1,87,0.0,,331,9.3,16.7,1017.0,,4
2021-08-26,23,12.4,10.6,89,0.0,,332,9.3,18.5,1017.2,,3
2021-08-27,00,12.0,10.6,91,0.0,,331,9.3,16.7,1017.6,,2
2021-08-27,01,11.7,10.3,91,0.0,,324,7.4,14.8,1017.7,,2
2021-08-27,02,11.4,10.1,92,0.0,,318,7.4,14.8,1017.9,,2
2021-08-27,03,11.2,10.1,93,0.0,,306,7.4,14.8,1018.1,,4
2021-08-27,04,10.9,10.3,96,0.0,,306,7.4,13.0,1018.3,,4
2021-08-27,05,11.1,10.5,96,0.0,,304,7.4,14.8,1018.4,,4
2021-08-27,06,11.8,10.7,93,0.0,,311,7.4,14.8,1018.6,,4
2021-08-27,07,12.4,11.1,92,0.0,,318,9.3,16.7,1018.9,,4
2021-08-27,08,13.5,11.6,88,0.0,,321,9.3,18.5,1019.1,,4
2021-08-27,09,14.5,11.6,83,0.0,,321,11.1,20.4,1019.3,,4
2021-08-27,10,15.4,11.8,79,0.0,,317,11.1,20.4,1019.4,,4
2021-08-27,11,15.8,12.0,78,0.2,,322,13.0,24.1,1019.0,,17
2021-08-27,12,16.2,12.0,76,0.5,,319,14.8,25.9,1018.9,,17
2021-08-27,13,16.4,12.0,75,0.3,,319,14.8,27.8,1018.7,,17
2021-08-27,14,16.5,12.1,75,0.4,,321,14.8,27.8,1018.5,,17
2021-08-27,15,16.5,12.1,75,0.0,,325,14.8,27.8,1018.3,,4
2021-08-27,16,16.0,12.2,78,0.4,,326,14.8,27.8,1018.4,,17
2021-08-27,17,15.5,12.4,82,0.3,,327,13.0,27.8,1018.6,,17
2021-08-27,18,14.6,12.5,87,0.2,,326,11.1,22.2,1018.8,,17
2021-08-27,19,14.1,12.5,90,0.0,,319,11.1,20.4,1019.0,,4
2021-08-27,20,13.7,12.4,92,0.0,,314,11.1,20.4,1019.4,,4
2021-08-27,21,13.5,12.6,94,0.0,,312,9.3,18.5,1019.6,,4
2021-08-27,22,13.0,12.1,94,0.0,,307,9.3,16.7,1019.9,,4
2021-08-27,23,12.7,11.9,95,0.0,,312,9.3,16.7,1019.7,,4
2021-08-28,00,12.4,11.8,96,0.0,,310,9.3,16.7,1019.7,,4
2021-08-28,01,12.3,11.7,96,0.0,,310,7.4,14.8,1019.4,,4
2021-08-28,02,12.2,11.7,97,0.0,,309,9.3,14.8,1019.5,,4
2021-08-28,03,12.2,11.9,98,0.0,,309,7.4,14.8,1019.5,,4
2021-08-28,04,12.0,11.7,98,0.0,,304,9.3,14.8,1019.3,,4
2021-08-28,05,12.0,11.7,98,0.0,,307,9.3,16.7,1019.4,,4
2021-08-28,06,12.4,12.1,98,1.3,,318,9.3,18.5,1019.6,,7
2021-08-28,07,12.8,12.6,99,0.2,,328,11.1,20.4,1019.6,,7
2021-08-28,08,13.3,13.3,100,0.2,,333,11.1,20.4,1019.8,,7
2021-08-28,09,14.2,13.6,96,0.2,,339,13.0,20.4,1019.8,,7
2021-08-28,10,15.2,13.7,91,0.2,,345,13.0,22.2,1019.8,,7
2021-08-28,11,15.6,14.0,90,0.3,,350,13.0,25.9,1019.8,,7
2021-08-28,12,15.8,14.0,89,0.5,,352,14.8,25.9,1019.7,,7
2021-08-28,13,16.1,13.8,86,0.5,,350,14.8,27.8,1019.7,,7
2021-08-28,14,16.3,13.8,85,0.4,,353,16.7,27.8,1019.7,,18
2021-08-28,15,16.4,13.9,85,0.3,,357,16.7,27.8,1019.9,,7
2021-08-28,16,16.0,13.8,87,1.0,,4,14.8,25.9,1020.1,,18
2021-08-28,17,15.6,14.1,91,0.8,,358,13.0,25.9,1020.3,,7
2021-08-28,18,15.0,14.0,94,0.8,,359,11.1,20.4,1020.6,,7
2021-08-28,19,14.5,14.0,97,0.4,,354,11.1,20.4,1020.7,,7
2021-08-28,20,14.2,13.7,97,0.3,,345,11.1,18.5,1021.1,,7
2021-08-28,21,14.0,13.5,97,0.0,,336,9.3,18.5,1021.3,,4
2021-08-28,22,13.5,13.3,99,0.8,,334,9.3,16.7,1021.5,,7
2021-08-28,23,13.4,13.1,98,0.0,,333,11.1,18.5,1021.3,,4
2021-08-29,00,13.3,13.1,99,0.0,,334,11.1,18.5,1021.2,,4
2021-08-29,01,13.2,13.0,99,0.0,,333,11.1,18.5,1020.9,,4
2021-08-29,02,13.0,12.8,99,0.0,,330,11.1,18.5,1020.7,,4
2021-08-29,03,12.9,12.7,99,0.0,,329,9.3,18.5,1020.6,,4
2021-08-29,04,12.6,12.4,99,0.0,,321,9.3,18.5,1020.6,,4
2021-08-29,05,12.4,12.2,99,0.0,,322,9.3,18.5,1020.6,,4
2021-08-29,06,12.7,12.2,97,0.0,,322,11.1,20.4,1020.5,,4
2021-08-29,07,13.0,12.5,97,0.1,,326,11.1,20.4,1020.4,,7
2021-08-29,08,13.5,13.0,97,0.3,,324,11.1,20.4,1020.4,,7
2021-08-29,09,14.0,13.2,95,0.4,,319,11.1,20.4,1020.3,,7
2021-08-29,10,14.6,13.1,91,0.4,,315,11.1,20.4,1020.6,,7
2021-08-29,11,14.6,13.5,93,0.9,,322,13.0,24.1,1020.1,,7
2021-08-29,12,14.9,13.8,93,1.5,,322,13.0,24.1,1019.9,,7
2021-08-29,13,15.0,14.0,94,1.2,,323,14.8,24.1,1019.6,,7
2021-08-29,14,15.1,14.1,94,1.1,,322,13.0,24.1,1019.4,,8
2021-08-29,15,15.7,14.6,93,1.0,,331,13.0,22.2,1019.2,,8
2021-08-29,16,14.7,14.5,99,1.2,,319,11.1,22.2,1019.0,,7
2021-08-29,17,14.6,14.6,100,1.1,,319,11.1,20.4,1018.9,,7
2021-08-29,18,14.7,14.7,100,1.0,,330,9.3,16.7,1018.8,,7
2021-08-29,19,14.5,14.5,100,0.5,,334,9.3,16.7,1018.9,,7
2021-08-29,20,14.4,14.4,100,0.4,,332,9.3,18.5,1019.0,,7
2021-08-29,21,14.4,14.4,100,0.3,,340,9.3,18.5,1019.1,,7
2021-08-29,22,14.1,14.1,100,0.5,,345,9.3,16.7,1019.1,,7
2021-08-29,23,14.0,14.0,100,0.4,,351,11.1,20.4,1019.0,,7
2021-08-30,00,14.1,14.1,100,0.0,,357,13.0,20.4,1019.0,,4
2021-08-30,01,14.2,14.0,99,0.0,,359,13.0,22.2,1019.0,,4
2021-08-30,02,14.2,14.0,99,0.0,,360,13.0,20.4,1019.1,,4
2021-08-30,03,14.2,14.0,99,0.0,,2,13.0,22.2,1019.2,,4
2021-08-30,04,13.7,13.7,100,0.0,,2,11.1,20.4,1019.3,,5
2021-08-30,05,13.6,13.6,100,0.0,,4,13.0,20.4,1019.5,,5
2021-08-30,06,13.9,13.9,100,0.0,,8,13.0,22.2,1019.7,,5
2021-08-30,07,14.3,14.3,100,0.0,,12,13.0,22.2,1020.0,,4
2021-08-30,08,15.0,14.5,97,0.0,,13,13.0,22.2,1020.3,,4
2021-08-30,09,16.0,14.5,91,0.0,,12,13.0,22.2,1020.5,,4
2021-08-30,10,17.0,14.5,85,0.0,,8,13.0,22.2,1020.5,,4
2021-08-30,11,17.6,14.5,82,0.0,,5,13.0,24.1,1020.3,,4
2021-08-30,12,18.2,14.5,79,0.0,,2,14.8,24.1,1020.1,,4
2021-08-30,13,18.8,14.5,76,0.0,,360,14.8,25.9,1020.1,,4
2021-08-30,14,19.0,14.5,75,0.0,,359,14.8,25.9,1020.0,,4
2021-08-30,15,19.2,14.5,74,0.0,,359,14.8,25.9,1020.0,,4
2021-08-30,16,18.8,14.3,75,0.0,,1,13.0,24.1,1019.9,,4
2021-08-30,17,18.1,14.4,79,0.0,,354,11.1,22.2,1020.1,,4
2021-08-30,18,17.3,14.4,83,0.0,,360,9.3,18.5,1020.4,,4
2021-08-30,19,16.5,14.1,86,0.0,,360,9.3,18.5,1020.8,,4
2021-08-30,20,15.8,14.0,89,0.0,,355,9.3,16.7,1021.4,,4
2021-08-30,21,15.2,13.7,91,0.0,,357,9.3,16.7,1021.8,,4
2021-08-30,22,14.8,13.5,92,0.0,,358,9.3,16.7,1022.2,,4
2021-08-30,23,14.3,13.2,93,0.0,,360,9.3,18.5,1022.3,,4
2021-08-31,00,13.8,13.0,95,0.0,,5,9.3,16.7,1022.4,,4
2021-08-31,01,13.5,12.9,96,0.0,,4,9.3,16.7,1022.7,,4
2021-08-31,02,13.2,12.7,97,0.0,,6,9.3,14.8,1023.0,,4
2021-08-31,03,13.1,12.8,98,0.0,,5,9.3,14.8,1023.0,,4
2021-08-31,04,12.6,12.6,100,0.0,,358,7.4,14.8,1023.3,,4
2021-08-31,05,12.7,12.7,100,0.0,,3,7.4,14.8,1023.8,,4
2021-08-31,06,13.1,12.9,99,0.0,,9,9.3,14.8,1024.2,,4
2021-08-31,07,14.1,13.5,96,0.0,,11,9.3,16.7,1024.7,,4
2021-08-31,08,15.1,13.6,91,0.0,,10,9.3,16.7,1025.1,,4
2021-08-31,09,16.2,13.5,84,0.0,,11,11.1,18.5,1025.3,,4
2021-08-31,10,16.9,13.2,79,0.0,,7,11.1,18.5,1025.3,,4
2021-08-31,11,17.8,12.9,73,0.0,,3,13.0,22.2,1025.3,,4
2021-08-31,12,18.6,12.6,68,0.0,,359,13.0,24.1,1025.4,,4
2021-08-31,13,19.3,12.3,64,0.0,,360,13.0,24.1,1025.3,,4
2021-08-31,14,19.6,12.1,62,0.0,,2,13.0,24.1,1025.2,,4
2021-08-31,15,19.9,11.9,60,0.0,,359,13.0,24.1,1025.2,,4
2021-08-31,16,19.8,11.6,59,0.0,,6,11.1,24.1,1025.1,,4
2021-08-31,17,19.2,11.7,62,0.0,,3,9.3,20.4,1025.2,,4
2021-08-31,18,17.9,12.1,69,0.0,,360,9.3,18.5,1025.4,,3
2021-08-31,19,16.9,12.2,74,0.0,,355,9.3,16.7,1025.9,,2
2021-08-31,20,15.9,12.5,80,0.0,,351,9.3,16.7,1026.4,,2
2021-08-31,21,15.2,12.3,83,0.0,,351,9.3,14.8,1026.8,,2
2021-08-31,22,14.7,12.4,86,0.0,,352,7.4,14.8,1027.1,,4
2021-08-31,23,14.2,12.4,89,0.0,,358,9.3,14.8,1027.2,,4